{
  "cities": [
    {
      "name": "A",
      "x": 0,
      "y": 0
    },
    {
      "name": "B",
      "x": 3,
      "y": 4
    },
    {
      "name": "C",
      "x": 6,
      "y": 0
    },
    {
      "name": "D",
      "x": 3,
      "y": -4
    },
    {
      "name": "E",
      "x": -3,
      "y": 2
    }
  ],
  "sequential": {
    "route": [
      "B",
      "C",
      "D",
      "A",
      "E"
    ],
    "distance": 18.61,
    "time": 1.904263973236084
  },
  "parallel": {
    "route": [
      "B",
      "C",
      "D",
      "A",
      "E"
    ],
    "distance": 18.61,
    "time": 0.17482447624206543,
    "workers": 10
  }
}